Event #,Value only in LPC
Event 138712615,0.179495
Event 144734705,0.382912
