Event #,Value only in LPC
Event 138716562,1.49262
Event 144734993,-1.60603
