Event #,Value only in LPC
Event 138716562,0.123891
Event 144734993,1.67564
