Event #,Value only in LPC
Event 138712615,-0.271233
Event 144734705,-2.55234
